,file name,Prediction
0,File0,0
1,File1,1
2,File2,0
3,File3,0
4,File4,0
5,File5,1
6,File6,1
7,File7,1
8,File8,1
9,File9,1
10,File10,0
11,File11,0
12,File12,0
13,File13,0
14,File14,1
15,File15,1
16,File16,0
17,File17,0
18,File18,0
19,File19,0
20,File20,0
21,File21,0
22,File22,0
23,File23,1
24,File24,0
25,File25,0
26,File26,0
27,File27,0
28,File28,0
29,File29,0
30,File30,1
31,File31,1
32,File32,0
33,File33,1
34,File34,0
35,File35,1
36,File36,0
37,File37,1
38,File38,0
39,File39,1
40,File40,1
41,File41,0
42,File42,0
43,File43,0
44,File44,0
45,File45,1
46,File46,1
47,File47,1
48,File48,1
49,File49,0
